{
  "mode": "full",
  "policy": {
    "threshold_high": 0.6,
    "inspection_budget_pct": 5.0
  },
  "batch_size": 10000,
  "schedule_frequency_seconds": 300,
  "n_batches": 5,
  "overall": {
    "recall_mean": 0.6032564797396063,
    "precision_mean": 0.0656,
    "flagged_pct_mean": 5.0,
    "pred_mean_mean": 0.03250275626778602
  },
  "drift_signals": {
    "pred_mean_std": 0.0007110235523048311,
    "pred_std_std": 0.0038089684650472484,
    "recall_std": 0.05109936527825936,
    "precision_std": 0.00931665175908169
  }
}