{
  "cost_config": {
    "cost_false_negative": 100.0,
    "cost_false_positive": 5.0
  },
  "decision_table_path": "/Users/anudeep/PycharmProjects/bosch-production-line-performance/outputs/production_decision_table.csv",
  "operating_points": {
    "minimum_cost_configuration": {
      "source": "max_recall_threshold_sweep",
      "mode": "threshold",
      "configuration": "thr=0.23",
      "inspection_budget_pct": 1.8684735843047544,
      "threshold": 0.23,
      "recall": 0.4505015263846489,
      "precision": 0.1401121258703318,
      "mcc": 0.2438094554828599,
      "tp": 3099,
      "fp": 19019,
      "fn": 3780,
      "tn": 1157849,
      "total_flagged_rows": 22118,
      "failures_caught": 3099,
      "failures_missed": 3780,
      "total_cost": 473095.0,
      "cost_per_100k_rows": 39965.887981131105
    },
    "best_recall_under_1pct_inspection": {
      "source": "inspection_budget_results",
      "mode": "budget",
      "configuration": "budget=1%",
      "inspection_budget_pct": 1.0,
      "threshold": 0.3537868857383728,
      "recall": 0.3579008576828027,
      "precision": 0.2079743199864842,
      "mcc": 0.2673169497456962,
      "tp": 2462,
      "fp": 9376,
      "fn": 4417,
      "tn": 1167492,
      "total_flagged_rows": 11838,
      "failures_caught": 2462,
      "failures_missed": 4417,
      "total_cost": 488580.0,
      "cost_per_100k_rows": 41274.0222361704,
      "available": true
    },
    "best_recall_under_5pct_inspection": {
      "source": "inspection_budget_results",
      "mode": "budget",
      "configuration": "budget=5%",
      "inspection_budget_pct": 5.0,
      "threshold": 0.0794421434402465,
      "recall": 0.5673789795028347,
      "precision": 0.065942420760965,
      "mcc": 0.181492228200546,
      "tp": 3903,
      "fp": 55285,
      "fn": 2976,
      "tn": 1121583,
      "total_flagged_rows": 59188,
      "failures_caught": 3903,
      "failures_missed": 2976,
      "total_cost": 574025.0,
      "cost_per_100k_rows": 48492.20314813892,
      "available": true
    },
    "best_recall_under_10pct_inspection": {
      "source": "inspection_budget_results",
      "mode": "budget",
      "configuration": "budget=10%",
      "inspection_budget_pct": 10.0,
      "threshold": 0.0512418299913406,
      "recall": 0.6320686146242186,
      "precision": 0.0367307286166842,
      "mcc": 0.1355952476523489,
      "tp": 4348,
      "fp": 114027,
      "fn": 2531,
      "tn": 1062841,
      "total_flagged_rows": 118375,
      "failures_caught": 4348,
      "failures_missed": 2531,
      "total_cost": 823235.0,
      "cost_per_100k_rows": 69544.84361945585,
      "available": true
    },
    "best_precision_recall_balance": {
      "source": "production_threshold_sweep",
      "mode": "threshold",
      "configuration": "thr=0.54",
      "inspection_budget_pct": 0.3679840371295556,
      "threshold": 0.54,
      "recall": 0.2423317342637011,
      "precision": 0.3826905417814509,
      "mcc": 0.3013350944751968,
      "tp": 1667,
      "fp": 2689,
      "fn": 5212,
      "tn": 1174179,
      "total_flagged_rows": 4356,
      "failures_caught": 1667,
      "failures_missed": 5212,
      "total_cost": 534645.0,
      "cost_per_100k_rows": 45165.478772068695,
      "balance_score": 0.29675122385355285
    }
  },
  "dataset_rows": 1183747
}